,Adj Close,Adj Close,Adj Close,Adj Close,Adj Close,Adj Close,Adj Close,Adj Close,Adj Close,Adj Close,Adj Close,Adj Close,Adj Close,Adj Close,Adj Close,Adj Close,Adj Close,Adj Close,Adj Close,Adj Close,Adj Close,Adj Close,Adj Close,Adj Close,Adj Close,Adj Close,Adj Close,Adj Close,Adj Close,Adj Close,Adj Close,Adj Close,Adj Close,Adj Close,Adj Close,Adj Close,Adj Close,Adj Close,Adj Close,Adj Close,Adj Close,Adj Close,Adj Close,Adj Close,Adj Close,Adj Close,Adj Close,Adj Close,Adj Close,Adj Close,Adj Close,Close,Close,Close,Close,Close,Close,Close,Close,Close,Close,Close,Close,Close,Close,Close,Close,Close,Close,Close,Close,Close,Close,Close,Close,Close,Close,Close,Close,Close,Close,Close,Close,Close,Close,Close,Close,Close,Close,Close,Close,Close,Close,Close,Close,Close,Close,Close,Close,Close,Close,Close,High,High,High,High,High,High,High,High,High,High,High,High,High,High,High,High,High,High,High,High,High,High,High,High,High,High,High,High,High,High,High,High,High,High,High,High,High,High,High,High,High,High,High,High,High,High,High,High,High,High,High,Low,Low,Low,Low,Low,Low,Low,Low,Low,Low,Low,Low,Low,Low,Low,Low,Low,Low,Low,Low,Low,Low,Low,Low,Low,Low,Low,Low,Low,Low,Low,Low,Low,Low,Low,Low,Low,Low,Low,Low,Low,Low,Low,Low,Low,Low,Low,Low,Low,Low,Low,Open,Open,Open,Open,Open,Open,Open,Open,Open,Open,Open,Open,Open,Open,Open,Open,Open,Open,Open,Open,Open,Open,Open,Open,Open,Open,Open,Open,Open,Open,Open,Open,Open,Open,Open,Open,Open,Open,Open,Open,Open,Open,Open,Open,Open,Open,Open,Open,Open,Open,Open,Volume,Volume,Volume,Volume,Volume,Volume,Volume,Volume,Volume,Volume,Volume,Volume,Volume,Volume,Volume,Volume,Volume,Volume,Volume,Volume,Volume,Volume,Volume,Volume,Volume,Volume,Volume,Volume,Volume,Volume,Volume,Volume,Volume,Volume,Volume,Volume,Volume,Volume,Volume,Volume,Volume,Volume,Volume,Volume,Volume,Volume,Volume,Volume,Volume,Volume,Volume
,8001.T,8002.T,8031.T,8053.T,8058.T,AAPL,ALLY,AMZN,AON,AXP,BAC,BATRK,BYDDF,C,CHTR,COF,CVX,DEO,DHI,DVA,FND,FWONK,GL,HPQ,JEF,KHC,KO,KR,LEN-B,LILA,LILAK,LLYVA,LLYVK,LPX,LSXMA,LSXMK,MA,MCO,MKL,NU,NVR,OXY,PARA,SIRI,SNOW,SPY,STNE,TMUS,V,VOO,VRSN,8001.T,8002.T,8031.T,8053.T,8058.T,AAPL,ALLY,AMZN,AON,AXP,BAC,BATRK,BYDDF,C,CHTR,COF,CVX,DEO,DHI,DVA,FND,FWONK,GL,HPQ,JEF,KHC,KO,KR,LEN-B,LILA,LILAK,LLYVA,LLYVK,LPX,LSXMA,LSXMK,MA,MCO,MKL,NU,NVR,OXY,PARA,SIRI,SNOW,SPY,STNE,TMUS,V,VOO,VRSN,8001.T,8002.T,8031.T,8053.T,8058.T,AAPL,ALLY,AMZN,AON,AXP,BAC,BATRK,BYDDF,C,CHTR,COF,CVX,DEO,DHI,DVA,FND,FWONK,GL,HPQ,JEF,KHC,KO,KR,LEN-B,LILA,LILAK,LLYVA,LLYVK,LPX,LSXMA,LSXMK,MA,MCO,MKL,NU,NVR,OXY,PARA,SIRI,SNOW,SPY,STNE,TMUS,V,VOO,VRSN,8001.T,8002.T,8031.T,8053.T,8058.T,AAPL,ALLY,AMZN,AON,AXP,BAC,BATRK,BYDDF,C,CHTR,COF,CVX,DEO,DHI,DVA,FND,FWONK,GL,HPQ,JEF,KHC,KO,KR,LEN-B,LILA,LILAK,LLYVA,LLYVK,LPX,LSXMA,LSXMK,MA,MCO,MKL,NU,NVR,OXY,PARA,SIRI,SNOW,SPY,STNE,TMUS,V,VOO,VRSN,8001.T,8002.T,8031.T,8053.T,8058.T,AAPL,ALLY,AMZN,AON,AXP,BAC,BATRK,BYDDF,C,CHTR,COF,CVX,DEO,DHI,DVA,FND,FWONK,GL,HPQ,JEF,KHC,KO,KR,LEN-B,LILA,LILAK,LLYVA,LLYVK,LPX,LSXMA,LSXMK,MA,MCO,MKL,NU,NVR,OXY,PARA,SIRI,SNOW,SPY,STNE,TMUS,V,VOO,VRSN,8001.T,8002.T,8031.T,8053.T,8058.T,AAPL,ALLY,AMZN,AON,AXP,BAC,BATRK,BYDDF,C,CHTR,COF,CVX,DEO,DHI,DVA,FND,FWONK,GL,HPQ,JEF,KHC,KO,KR,LEN-B,LILA,LILAK,LLYVA,LLYVK,LPX,LSXMA,LSXMK,MA,MCO,MKL,NU,NVR,OXY,PARA,SIRI,SNOW,SPY,STNE,TMUS,V,VOO,VRSN
Date,,,,,,,,,,,,,,,,,,,,,,,,,,,,,,,,,,,,,,,,,,,,,,,,,,,,,,,,,,,,,,,,,,,,,,,,,,,,,,,,,,,,,,,,,,,,,,,,,,,,,,,,,,,,,,,,,,,,,,,,,,,,,,,,,,,,,,,,,,,,,,,,,,,,,,,,,,,,,,,,,,,,,,,,,,,,,,,,,,,,,,,,,,,,,,,,,,,,,,,,,,,,,,,,,,,,,,,,,,,,,,,,,,,,,,,,,,,,,,,,,,,,,,,,,,,,,,,,,,,,,,,,,,,,,,,,,,,,,,,,,,,,,,,,,,,,,,,,,,,,,,,,,,
2023-10-16,5418.0,2271.5,5430.0,2997.0,7103.0,178.48486328125,24.814428329467773,132.5500030517578,327.0872497558594,152.7899932861328,26.776288986206055,36.70000076293945,31.010000228881836,40.42512893676758,454.45001220703125,96.59214782714844,163.68418884277344,153.38999938964844,104.275146484375,74.56999969482422,84.68000030517578,68.41999816894531,115.05000305175781,26.63571548461914,33.53821563720703,31.21990966796875,53.00791931152344,43.9992790222168,102.11000061035156,7.5,7.489999771118164,31.959999084472656,32.599998474121094,54.34817123413086,26.270000457763672,26.299999237060547,401.1600036621094,320.7397155761719,1505.6199951171875,7.900000095367432,5916.22021484375,65.16167449951172,12.221030235290527,4.813600063323975,162.1300048828125,434.2792663574219,9.760000228881836,142.617431640625,239.55999755859375,400.57000732421875,211.17999267578125,5418.0,2271.5,5430.0,2997.0,7103.0,178.72000122070312,25.1299991607666,132.5500030517578,327.739990234375,152.7899932861328,26.989999771118164,36.70000076293945,31.010000228881836,40.95000076293945,454.45001220703125,97.1500015258789,165.39999389648438,153.38999938964844,104.5199966430664,74.56999969482422,84.68000030517578,68.41999816894531,115.05000305175781,26.8799991607666,33.84000015258789,31.579999923706055,53.43000030517578,44.290000915527344,102.11000061035156,7.5,7.489999771118164,31.959999084472656,32.599998474121094,54.56999969482422,26.270000457763672,26.299999237060547,401.1600036621094,321.4200134277344,1505.6199951171875,7.900000095367432,5916.22021484375,65.37000274658203,12.260000228881836,4.840000152587891,162.1300048828125,436.0400085449219,9.760000228881836,143.24000549316406,240.07000732421875,400.57000732421875,211.17999267578125,5433.0,2303.0,5457.0,3027.0,7196.0,179.0800018310547,25.280000686645508,133.07000732421875,329.4200134277344,153.41000366210938,27.18000030517578,37.1349983215332,31.200000762939453,42.0,458.29998779296875,97.51000213623047,165.80999755859375,153.66000366210938,105.5,75.9000015258789,85.08000183105469,68.62000274658203,115.58999633789062,27.0,34.31999969482422,31.81999969482422,53.560001373291016,44.650001525878906,102.62999725341797,7.639999866485596,7.599999904632568,32.09000015258789,32.720001220703125,54.81999969482422,26.489999771118164,26.5,404.42999267578125,325.1000061035156,1528.0799560546875,8.020000457763672,6004.080078125,65.5199966430664,12.329999923706055,4.889999866485596,163.1300048828125,437.1400146484375,9.880000114440918,143.67999267578125,240.7100067138672,401.6000061035156,211.55999755859375,5373.0,2258.0,5346.0,2982.0,7074.0,176.50999450683594,24.625,130.42999267578125,325.45001220703125,151.2100067138672,26.770000457763672,36.56999969482422,30.6200008392334,40.529998779296875,453.92999267578125,95.54000091552734,163.85000610351562,150.38999938964844,103.18000030517578,72.70999908447266,83.16000366210938,67.13500213623047,114.12000274658203,26.649999618530273,33.540000915527344,31.368999481201172,52.84000015258789,44.209999084472656,101.12000274658203,7.480000019073486,7.460000038146973,31.364999771118164,32.0099983215332,52.63999938964844,25.920000076293945,25.979999542236328,398.7799987792969,318.6700134277344,1501.56005859375,7.684999942779541,5898.89013671875,64.12999725341797,11.789999961853027,4.739999771118164,156.91000366210938,433.57000732421875,9.34000015258789,142.05999755859375,238.3300018310547,398.3399963378906,208.35000610351562,5407.0,2280.5,5391.0,3003.0,7125.0,176.75,24.899999618530273,130.69000244140625,327.7300109863281,152.3699951171875,27.15999984741211,36.56999969482422,30.799999237060547,41.95000076293945,454.7300109863281,96.41000366210938,165.33999633789062,150.49000549316406,105.27999877929688,73.62000274658203,83.80000305175781,67.75,114.12000274658203,26.700000762939453,33.599998474121094,31.600000381469727,53.02000045776367,44.470001220703125,102.23999786376953,7.639999866485596,7.460000038146973,31.40999984741211,32.0099983215332,52.93000030517578,26.25,26.260000228881836,400.239990234375,320.3299865722656,1501.56005859375,7.769999980926514,5981.31982421875,64.58999633789062,11.960000038146973,4.849999904632568,157.89999389648438,433.82000732421875,9.75,142.8800048828125,239.0,398.57000732421875,208.4199981689453,2998300,5397900,4323300,2879100,4276600,52517000,4036800,42832900,661400,2586300,56817500,146000,102100,25044200,686400,1645500,5446000,1255700,2256200,1478500,1101700,449800,385300,6655300,1501300,7099000,12816800,3740000,43700,212300,626600,82300,498400,1190900,674400,891100,2202100,498000,43600,30466200,34800,8005600,9516500,11469800,2777000,75433200,4291700,3009200,6227300,5150900,498300
2023-10-17,5457.0,2270.5,5467.0,3001.0,7141.0,176.9169158935547,25.081037521362305,131.47000122070312,326.8876647949219,154.38999938964844,27.40130043029785,36.810001373291016,31.709999084472656,40.67192459106445,452.67999267578125,97.47703552246094,165.85147094726562,153.47999572753906,104.68418884277344,76.37999725341797,84.91000366210938,70.9000015258789,116.08999633789062,26.853717803955078,33.875186920166016,31.150707244873047,53.64286422729492,44.197967529296875,102.62999725341797,7.380000114440918,7.380000114440918,31.8700008392334,32.380001068115234,55.5134162902832,26.219999313354492,26.299999237060547,401.7699890136719,320.7197265625,1500.9100341796875,7.880000114440918,5840.0,65.32115936279297,12.420393943786621,4.694254398345947,159.38999938964844,434.25933837890625,10.039999961853027,142.14947509765625,240.68759155273438,400.5799865722656,214.27000427246094,5457.0,2270.5,5467.0,3001.0,7141.0,177.14999389648438,25.399999618530273,131.47000122070312,327.5400085449219,154.38999938964844,27.6200008392334,36.810001373291016,31.709999084472656,41.20000076293945,452.67999267578125,98.04000091552734,167.58999633789062,153.47999572753906,104.93000030517578,76.37999725341797,84.91000366210938,70.9000015258789,116.08999633789062,27.100000381469727,34.18000030517578,31.510000228881836,54.06999969482422,44.4900016784668,102.62999725341797,7.380000114440918,7.380000114440918,31.8700008392334,32.380001068115234,55.7400016784668,26.219999313354492,26.299999237060547,401.7699890136719,321.3999938964844,1500.9100341796875,7.880000114440918,5840.0,65.52999877929688,12.460000038146973,4.71999979019165,159.38999938964844,436.0199890136719,10.039999961853027,142.77000427246094,241.1999969482422,400.5799865722656,214.27000427246094,5505.0,2302.5,5534.0,3026.0,7208.0,178.4199981689453,25.7450008392334,132.5800018310547,329.1300048828125,154.72999572753906,27.8700008392334,37.04999923706055,31.950000762939453,41.66999816894531,457.7200012207031,99.26000213623047,168.1999969482422,153.9199981689453,106.3499984741211,77.94000244140625,85.58000183105469,71.33000183105469,116.75,27.239999771118164,34.59000015258789,31.700000762939453,54.099998474121094,44.66999816894531,103.79000091552734,7.579999923706055,7.730000019073486,32.19499969482422,32.849998474121094,56.31999969482422,26.420000076293945,26.450000762939453,403.6099853515625,324.8599853515625,1526.06005859375,7.989999771118164,5939.0,65.69000244140625,12.609999656677246,4.900000095367432,162.6999969482422,438.1400146484375,10.170000076293945,144.16000366210938,241.47999572753906,402.5,214.69000244140625,5412.0,2261.0,5424.0,2980.5,7090.0,174.8000030517578,24.81999969482422,128.7100067138672,324.7900085449219,151.5,26.719999313354492,36.599998474121094,31.200000762939453,40.599998474121094,447.95001220703125,95.91000366210938,164.64999389648438,152.60000610351562,103.80000305175781,74.1500015258789,84.38999938964844,67.51000213623047,114.44000244140625,26.670000076293945,33.54999923706055,31.28499984741211,53.209999084472656,44.16999816894531,101.08999633789062,7.349999904632568,7.349999904632568,31.559999465942383,32.27000045776367,53.869998931884766,26.030000686645508,26.06999969482422,398.45001220703125,318.4200134277344,1500.010009765625,7.775000095367432,5839.759765625,64.98999786376953,12.130000114440918,4.710000038146973,158.5800018310547,432.45001220703125,9.600000381469727,141.47999572753906,238.2899932861328,397.30999755859375,210.35000610351562,5455.0,2299.0,5465.0,3024.0,7176.0,176.64999389648438,24.81999969482422,130.38999938964844,325.95001220703125,151.55999755859375,27.049999237060547,36.75,31.200000762939453,40.650001525878906,452.5299987792969,95.91000366210938,164.8300018310547,153.19000244140625,103.81999969482422,74.1500015258789,84.5,67.83000183105469,114.79000091552734,26.709999084472656,33.560001373291016,31.5,53.310001373291016,44.209999084472656,101.08999633789062,7.429999828338623,7.730000019073486,31.700000762939453,32.540000915527344,54.150001525878906,26.389999389648438,26.18000030517578,399.6400146484375,319.3399963378906,1502.0,7.900000095367432,5865.830078125,65.0199966430664,12.130000114440918,4.889999866485596,158.97999572753906,432.80999755859375,9.649999618530273,143.3300018310547,239.6300048828125,397.6300048828125,210.35000610351562,2647300,5229100,3529500,3616800,4189500,57549400,8248000,49344600,669200,3919400,95344200,211600,59700,20258100,1058700,2113600,7538300,444800,1972800,1724300,1364100,1617400,466000,7043500,1713900,6768600,16457200,2919200,52000,164000,722600,115100,261800,1071800,561900,967500,2176000,390200,68600,20240000,34300,7290600,7986600,8640200,3376000,75324700,4930200,3663800,4527600,4214600,567400
2023-10-18,5425.0,2260.0,5602.0,2998.0,7134.0,175.608642578125,25.298276901245117,128.1300048828125,324.35272216796875,151.52999877929688,27.093753814697266,35.599998474121094,32.290000915527344,39.9512825012207,448.32000732421875,95.379150390625,167.16766357421875,152.30999755859375,102.20001983642578,78.73999786376953,85.73999786376953,69.44000244140625,114.7699966430664,26.79426383972168,32.358829498291016,31.36819839477539,53.62302017211914,43.93967056274414,100.30999755859375,7.260000228881836,7.28000020980835,31.280000686645508,31.8700008392334,54.70670700073242,25.520000457763672,25.600000381469727,393.2099914550781,313.3553466796875,1498.1700439453125,7.710000038146973,5746.58984375,66.28807067871094,12.151251792907715,4.574909210205078,153.22999572753906,428.4727783203125,10.09000015258789,139.08285522460938,236.96551513671875,395.2200012207031,213.0399932861328,5425.0,2260.0,5602.0,2998.0,7134.0,175.83999633789062,25.6200008392334,128.1300048828125,325.0,151.52999877929688,27.309999465942383,35.599998474121094,32.290000915527344,40.470001220703125,448.32000732421875,95.93000030517578,168.9199981689453,152.30999755859375,102.44000244140625,78.73999786376953,85.73999786376953,69.44000244140625,114.7699966430664,27.040000915527344,32.650001525878906,31.729999542236328,54.04999923706055,44.22999954223633,100.30999755859375,7.260000228881836,7.28000020980835,31.280000686645508,31.8700008392334,54.93000030517578,25.520000457763672,25.600000381469727,393.2099914550781,314.0199890136719,1498.1700439453125,7.710000038146973,5746.58984375,66.5,12.1899995803833,4.599999904632568,153.22999572753906,430.2099914550781,10.09000015258789,139.69000244140625,237.47000122070312,395.2200012207031,213.0399932861328,5476.0,2290.5,5611.0,3033.0,7225.0,177.5800018310547,26.450000762939453,130.6699981689453,328.2200012207031,153.58999633789062,28.040000915527344,36.86000061035156,32.7599983215332,40.939998626708984,454.8699951171875,97.56999969482422,169.6999969482422,154.08999633789062,104.5,79.25,91.22000122070312,71.11000061035156,116.01000213623047,27.239999771118164,33.650001525878906,32.06999969482422,54.529998779296875,44.900001525878906,101.8499984741211,7.360000133514404,7.360000133514404,31.719999313354492,32.34000015258789,55.810001373291016,26.049999237060547,26.190000534057617,401.3699951171875,319.1499938964844,1510.550048828125,7.949999809265137,5858.81982421875,66.94999694824219,12.399999618530273,4.71999979019165,160.59300231933594,435.17999267578125,10.239999771118164,142.63999938964844,240.8300018310547,399.80999755859375,216.57000732421875,5399.0,2239.0,5531.0,2988.5,7087.0,175.11000061035156,24.579999923706055,127.51000213623047,324.44000244140625,151.1300048828125,27.209999084472656,35.58000183105469,31.709999084472656,40.16999816894531,448.0199890136719,95.58999633789062,167.5800018310547,152.1999969482422,102.41000366210938,75.13999938964844,85.7300033569336,69.36000061035156,114.66999816894531,26.81999969482422,32.52000045776367,31.53499984741211,53.91999816894531,44.209999084472656,100.27999877929688,7.215000152587891,7.210000038146973,31.219999313354492,31.739999771118164,54.31999969482422,25.389999389648438,25.440000534057617,392.55999755859375,313.9800109863281,1486.6500244140625,7.690000057220459,5736.4599609375,65.7300033569336,12.15999984741211,4.590000152587891,152.33999633789062,429.0899963378906,9.819999694824219,139.5800018310547,236.99000549316406,394.2200012207031,212.91000366210938,5455.0,2276.5,5545.0,3019.0,7171.0,175.5800018310547,25.329999923706055,129.89999389648438,327.3299865722656,153.1199951171875,27.540000915527344,36.58000183105469,32.33000183105469,40.939998626708984,453.29998779296875,97.04000091552734,168.47000122070312,153.08999633789062,104.0,76.26000213623047,91.20999908447266,70.33000183105469,115.80000305175781,26.8799991607666,33.650001525878906,31.56999969482422,54.099998474121094,44.58000183105469,101.5999984741211,7.320000171661377,7.269999980926514,31.540000915527344,32.18000030517578,55.06999969482422,26.040000915527344,26.09000015258789,399.1099853515625,318.989990234375,1495.3299560546875,7.880000114440918,5800.0,65.7300033569336,12.34000015258789,4.71999979019165,159.39999389648438,434.19000244140625,9.890000343322754,142.4499969482422,239.9600067138672,398.8900146484375,213.99000549316406,2754400,5667100,5143500,3251100,4976300,54764400,8211200,42699500,698900,2632200,68371100,215600,126900,23232600,557300,1574900,6893500,389500,1788900,1968300,7327500,648400,432900,9127000,1472000,5653400,12809500,4177800,44500,213000,537900,90200,227700,892400,386600,595400,1951400,526300,42400,17186500,28700,8930500,6197000,5761400,3229200,93559800,5434100,5464100,9528300,7329300,502600
2023-10-19,5296.0,2209.5,5462.0,2938.5,6939.0,175.22915649414062,24.310832977294922,128.39999389648438,318.4444885253906,149.6199951171875,26.746524810791016,35.41999816894531,31.65999984741211,39.54653549194336,435.8699951171875,92.16769409179688,167.34580993652344,153.42999267578125,101.0028305053711,81.62000274658203,84.29000091552734,68.4000015258789,113.58999633789062,26.209625244140625,31.873199462890625,31.091392517089844,53.920650482177734,44.2078971862793,97.66000366210938,7.079999923706055,7.110000133514404,30.610000610351562,31.209999084472656,53.780487060546875,25.15999984741211,25.229999542236328,387.8699951171875,310.9205017089844,1479.3299560546875,8.229999542236328,5563.5498046875,66.2481918334961,11.742555618286133,4.53512716293335,153.42999267578125,424.7080383300781,10.119999885559082,137.2408905029297,233.3132781982422,391.8699951171875,211.66000366210938,5296.0,2209.5,5462.0,2938.5,6939.0,175.4600067138672,24.6200008392334,128.39999389648438,319.0799865722656,149.6199951171875,26.959999084472656,35.41999816894531,31.65999984741211,40.060001373291016,435.8699951171875,92.69999694824219,169.10000610351562,153.42999267578125,101.23999786376953,81.62000274658203,84.29000091552734,68.4000015258789,113.58999633789062,26.450000762939453,32.15999984741211,31.450000762939453,54.349998474121094,44.5,97.66000366210938,7.079999923706055,7.110000133514404,30.610000610351562,31.209999084472656,54.0,25.15999984741211,25.229999542236328,387.8699951171875,311.5799865722656,1479.3299560546875,8.229999542236328,5563.5498046875,66.45999908447266,11.779999732971191,4.559999942779541,153.42999267578125,426.42999267578125,10.119999885559082,137.83999633789062,233.80999755859375,391.8699951171875,211.66000366210938,5342.0,2233.5,5574.0,2965.0,7059.0,177.83999633789062,25.43000030517578,132.24000549316406,326.7699890136719,156.0500030517578,27.780000686645508,36.130001068115234,32.29999923706055,40.75,449.69000244140625,95.18000030517578,170.1699981689453,154.6999969482422,103.41999816894531,82.62999725341797,86.44000244140625,70.37799835205078,115.3499984741211,27.100000381469727,32.9900016784668,31.81999969482422,54.7599983215332,44.81999969482422,100.56999969482422,7.329999923706055,7.320000171661377,31.489999771118164,32.09000015258789,55.349998474121094,25.7549991607666,25.860000610351562,394.8299865722656,316.510009765625,1509.719970703125,8.289999961853027,5788.6298828125,66.91999816894531,12.300000190734863,4.690000057220459,158.08999633789062,432.82000732421875,10.279999732971191,140.0800018310547,237.9199981689453,397.6000061035156,215.36000061035156,5287.0,2194.0,5442.0,2926.5,6898.0,175.19000244140625,24.59000015258789,127.47000122070312,318.67999267578125,149.00999450683594,26.8799991607666,35.26499938964844,30.760000228881836,40.029998779296875,435.82000732421875,92.30999755859375,167.50999450683594,152.89999389648438,100.80999755859375,78.58000183105469,83.62999725341797,68.22000122070312,113.56999969482422,26.350000381469727,32.029998779296875,31.405000686645508,53.86000061035156,44.16999816894531,97.54000091552734,7.050000190734863,7.074999809265137,30.59000015258789,31.094999313354492,53.63999938964844,25.1299991607666,25.219999313354492,385.5,310.4200134277344,1475.6600341796875,7.840000152587891,5550.0,65.5,11.760000228881836,4.539999961853027,153.1199951171875,425.7300109863281,9.920000076293945,137.75,233.41000366210938,391.1400146484375,211.27999877929688,5293.0,2220.0,5530.0,2950.0,7020.0,176.0399932861328,25.34000015258789,130.57000732421875,325.70001220703125,150.41000366210938,27.25,35.68000030517578,32.150001525878906,40.2599983215332,449.69000244140625,94.51000213623047,168.6999969482422,153.63999938964844,102.76000213623047,78.58000183105469,85.2699966430664,69.68000030517578,114.41000366210938,27.0,32.4900016784668,31.760000228881836,54.15999984741211,44.189998626708984,100.56999969482422,7.289999961853027,7.309999942779541,31.489999771118164,32.04999923706055,54.68000030517578,25.520000457763672,25.639999389648438,393.8500061035156,314.3800048828125,1500.9300537109375,8.039999961853027,5743.509765625,65.94999694824219,12.279999732971191,4.599999904632568,154.75999450683594,430.95001220703125,10.09000015258789,139.86000061035156,237.47000122070312,395.9700012207031,213.13999938964844,2243800,5604700,4185400,2654700,5836300,59302900,7596200,60961400,820600,4642200,58611000,262700,34400,17483300,808500,3480100,6580200,540500,2511100,1758200,19517800,448800,426700,7085300,1823300,6258700,16202200,4327800,31800,265600,1427500,73900,218700,727300,569200,638100,3472800,548700,46000,60174000,31200,8545800,11896000,8771400,2687500,121323000,4255600,6731800,5927400,6708900,555400
2023-10-20,5312.0,2215.5,5518.0,2951.0,6947.0,172.6525421142578,23.747989654541016,125.16999816894531,313.494384765625,141.57000732421875,26.101673126220703,35.27000045776367,31.0,39.17140579223633,429.6499938964844,89.71188354492188,165.09934997558594,151.97000122070312,100.4241943359375,77.5199966430664,82.33999633789062,66.91000366210938,110.25,25.773622512817383,31.972305297851562,30.952987670898438,54.138912200927734,43.840328216552734,96.04000091552734,7.039999961853027,7.070000171661377,30.709999084472656,31.270000457763672,53.232723236083984,24.959999084472656,25.010000228881836,384.4100036621094,308.9447326660156,1451.22998046875,8.170000076293945,5488.10009765625,64.97227478027344,11.463445663452148,4.445618152618408,147.6699981689453,419.4892272949219,9.949999809265137,136.39459228515625,232.8842010498047,386.989990234375,208.1199951171875,5312.0,2215.5,5518.0,2951.0,6947.0,172.8800048828125,24.049999237060547,125.16999816894531,314.1199951171875,141.57000732421875,26.309999465942383,35.27000045776367,31.0,39.68000030517578,429.6499938964844,90.2300033569336,166.8300018310547,151.97000122070312,100.66000366210938,77.5199966430664,82.33999633789062,66.91000366210938,110.25,26.010000228881836,32.2599983215332,31.309999465942383,54.56999969482422,44.130001068115234,96.04000091552734,7.039999961853027,7.070000171661377,30.709999084472656,31.270000457763672,53.45000076293945,24.959999084472656,25.010000228881836,384.4100036621094,309.6000061035156,1451.22998046875,8.170000076293945,5488.10009765625,65.18000030517578,11.5,4.46999979019165,147.6699981689453,421.19000244140625,9.949999809265137,136.99000549316406,233.3800048828125,386.989990234375,208.1199951171875,5365.0,2223.5,5542.0,2971.0,6992.0,175.4199981689453,24.530000686645508,128.1699981689453,320.8500061035156,147.94000244140625,26.940000534057617,35.60499954223633,31.649999618530273,40.2400016784668,439.1099853515625,92.86000061035156,169.10000610351562,153.13999938964844,102.1500015258789,82.37999725341797,84.05999755859375,68.9800033569336,113.72000122070312,26.549999237060547,32.56999969482422,31.75,55.02000045776367,44.689998626708984,98.22000122070312,7.144999980926514,7.179999828338623,31.03499984741211,31.6299991607666,54.2400016784668,25.219999313354492,25.329999923706055,389.989990234375,311.6099853515625,1488.81005859375,8.239999771118164,5640.0,66.73999786376953,11.90999984741211,4.559999942779541,154.08999633789062,426.5400085449219,10.25,138.8800048828125,235.77000427246094,391.82000732421875,212.13999938964844,5221.0,2171.0,5389.0,2905.5,6848.0,172.63999938964844,23.924999237060547,124.97000122070312,313.7699890136719,141.44000244140625,26.239999771118164,35.2599983215332,30.100000381469727,39.560001373291016,429.1099853515625,89.73999786376953,166.10000610351562,151.86000061035156,100.12000274658203,77.47000122070312,81.05999755859375,66.77999877929688,110.22000122070312,26.0,31.719999313354492,31.200000762939453,54.439998626708984,44.130001068115234,95.93000030517578,7.019999980926514,7.03000020980835,30.290000915527344,30.780000686645508,52.970001220703125,24.825000762939453,24.8799991607666,384.1700134277344,307.8299865722656,1450.0,7.980000019073486,5452.08984375,65.08000183105469,11.479999542236328,4.449999809265137,147.3489990234375,421.0799865722656,9.850000381469727,136.85000610351562,232.63999938964844,386.8399963378906,206.72999572753906,5230.0,2180.0,5393.0,2910.0,6876.0,175.30999755859375,24.360000610351562,128.0500030517578,319.7099914550781,144.6999969482422,26.799999237060547,35.4900016784668,30.100000381469727,39.970001220703125,436.989990234375,92.4000015258789,168.41000366210938,152.25999450683594,101.37999725341797,82.16999816894531,83.62999725341797,68.87000274658203,113.62000274658203,26.459999084472656,32.09000015258789,31.530000686645508,54.529998779296875,44.619998931884766,97.87000274658203,7.090000152587891,7.110000133514404,30.559999465942383,31.06999969482422,54.2400016784668,25.200000762939453,25.18000030517578,387.8699951171875,310.3800048828125,1480.510009765625,8.199999809265137,5625.0,66.2699966430664,11.699999809265137,4.460000038146973,153.0,425.9800109863281,10.1899995803833,138.41000366210938,234.1300048828125,391.3800048828125,212.13999938964844,2136900,4759700,4178300,2494400,4459600,64189300,5284600,56343300,797700,8261000,62029800,210500,35400,21387700,997300,2483500,7457300,487200,2135800,1525700,2305400,705400,640700,6037100,1801500,6692400,15674600,3488400,53800,158600,658900,59700,233500,799900,580000,689600,2652500,1334900,37100,25113300,65500,8261000,9706700,8385300,3645400,123845800,2701900,5723300,5748300,7546900,634200
2023-10-23,5239.0,2173.5,5391.0,2901.5,6852.0,172.7723846435547,23.007408142089844,126.55999755859375,312.8556823730469,144.58999633789062,25.36753273010254,34.189998626708984,31.0,38.39153289794922,430.2699890136719,89.86101531982422,159.0131378173828,152.33999633789062,101.88077545166016,78.87000274658203,82.19999694824219,67.55000305175781,111.20999908447266,25.644804000854492,31.774091720581055,30.765155792236328,53.65278625488281,43.03564453125,97.22000122070312,6.989999771118164,7.019999980926514,29.520000457763672,30.100000381469727,52.46585464477539,24.6299991607666,24.729999542236328,383.6700134277344,308.3958740234375,1435.760009765625,8.15999984741211,5505.68994140625,62.61979675292969,11.154430389404297,4.455563545227051,148.58999633789062,418.76214599609375,10.010000228881836,137.14134216308594,231.0381317138672,386.30999755859375,206.4199981689453,5239.0,2173.5,5391.0,2901.5,6852.0,173.0,23.299999237060547,126.55999755859375,313.4800109863281,144.58999633789062,25.56999969482422,34.189998626708984,31.0,38.88999938964844,430.2699890136719,90.37999725341797,160.67999267578125,152.33999633789062,102.12000274658203,78.87000274658203,82.19999694824219,67.55000305175781,111.20999908447266,25.8799991607666,32.060001373291016,31.1200008392334,54.08000183105469,43.31999969482422,97.22000122070312,6.989999771118164,7.019999980926514,29.520000457763672,30.100000381469727,52.68000030517578,24.6299991607666,24.729999542236328,383.6700134277344,309.04998779296875,1435.760009765625,8.15999984741211,5505.68994140625,62.81999969482422,11.1899995803833,4.480000019073486,148.58999633789062,420.4599914550781,10.010000228881836,137.74000549316406,231.52999877929688,386.30999755859375,206.4199981689453,5303.0,2204.0,5481.0,2940.5,6935.0,174.00999450683594,24.139999389648438,127.87999725341797,316.07000732421875,145.85000610351562,26.209999084472656,35.540000915527344,31.170000076293945,39.619998931884766,435.5,91.7699966430664,164.42999267578125,153.22999572753906,103.11000061035156,79.9000015258789,84.16000366210938,68.7300033569336,111.7699966430664,26.209999084472656,32.31999969482422,31.4950008392334,54.88999938964844,44.040000915527344,98.02999877929688,7.099999904632568,7.130000114440918,30.719999313354492,31.229999542236328,53.869998931884766,24.940000534057617,25.040000915527344,387.8599853515625,312.739990234375,1458.0,8.274999618530273,5619.9501953125,64.2300033569336,11.5,4.539999961853027,150.8300018310547,424.45001220703125,10.199999809265137,139.05999755859375,234.4600067138672,389.94000244140625,208.6199951171875,5225.0,2173.5,5391.0,2901.5,6852.0,169.92999267578125,23.290000915527344,123.9800033569336,312.6099853515625,140.91000366210938,25.520000457763672,34.189998626708984,30.1200008392334,38.790000915527344,421.4800109863281,89.5,160.25,151.1300048828125,100.33000183105469,77.0999984741211,80.9800033569336,65.93000030517578,110.08999633789062,25.690000534057617,31.790000915527344,31.104999542236328,54.04999923706055,43.18000030517578,95.80999755859375,6.96999979019165,6.994999885559082,29.5,30.059999465942383,52.560001373291016,24.3700008392334,24.459999084472656,381.0,307.1600036621094,1430.199951171875,7.96999979019165,5471.47998046875,62.130001068115234,11.069999694824219,4.400000095367432,144.80999755859375,417.79998779296875,9.710000038146973,136.9199981689453,231.27999877929688,383.8500061035156,206.0800018310547,5238.0,2200.5,5450.0,2923.0,6895.0,170.91000366210938,23.829999923706055,124.62999725341797,313.69000244140625,141.5,26.1299991607666,35.060001373291016,30.229999542236328,39.58000183105469,431.1099853515625,90.05999755859375,163.3000030517578,151.4600067138672,100.66999816894531,77.44999694824219,82.25,66.55999755859375,110.63999938964844,25.940000534057617,32.0,31.309999465942383,54.380001068115234,43.9900016784668,95.80999755859375,7.0,7.019999980926514,30.40999984741211,31.030000686645508,53.04999923706055,24.899999618530273,24.940000534057617,382.30999755859375,307.17999267578125,1450.02001953125,8.119999885559082,5513.25,64.19999694824219,11.390000343322754,4.5,145.86000061035156,419.6099853515625,9.84000015258789,136.9199981689453,231.36000061035156,385.4800109863281,207.00999450683594,2785000,4106100,3063900,2189500,3620800,55980100,6588900,48260000,498900,5313500,59857200,457200,54400,21333500,785500,1834400,16232400,414000,2290300,1095900,1311300,1337200,519800,4582700,1566200,5213200,21212700,3660300,37300,249700,939400,156200,409400,600600,809400,784500,1771800,708800,30100,27005100,41000,16032400,13490700,9676300,2861400,92035100,3339600,3353100,5071700,5537100,495500
2023-10-24,5318.0,2181.0,5349.0,2912.0,6859.0,173.21180725097656,22.47418975830078,128.55999755859375,319.13311767578125,144.4199981689453,25.26832389831543,35.20000076293945,31.440000534057617,38.4310188293457,431.17999267578125,88.68778991699219,155.0249481201172,154.13999938964844,101.52161407470703,81.11000061035156,80.76000213623047,68.02999877929688,111.27999877929688,25.922260284423828,32.34891891479492,31.348426818847656,55.20045852661133,43.3237419128418,96.80999755859375,7.0,7.039999961853027,30.079999923706055,30.700000762939453,52.30650329589844,24.65999984741211,24.770000457763672,386.9100036621094,304.963134765625,1472.5699462890625,8.079999923706055,5385.52001953125,62.330718994140625,11.114557266235352,4.4157819747924805,151.1199951171875,421.91937255859375,10.09000015258789,140.4568634033203,234.1514892578125,389.20001220703125,206.8699951171875,5318.0,2181.0,5349.0,2912.0,6859.0,173.44000244140625,22.760000228881836,128.55999755859375,319.7699890136719,144.4199981689453,25.469999313354492,35.20000076293945,31.440000534057617,38.93000030517578,431.17999267578125,89.19999694824219,156.64999389648438,154.13999938964844,101.76000213623047,81.11000061035156,80.76000213623047,68.02999877929688,111.27999877929688,26.15999984741211,32.63999938964844,31.709999084472656,55.63999938964844,43.61000061035156,96.80999755859375,7.0,7.039999961853027,30.079999923706055,30.700000762939453,52.52000045776367,24.65999984741211,24.770000457763672,386.9100036621094,305.6099853515625,1472.5699462890625,8.079999923706055,5385.52001953125,62.529998779296875,11.149999618530273,4.440000057220459,151.1199951171875,423.6300048828125,10.09000015258789,141.07000732421875,234.64999389648438,389.20001220703125,206.8699951171875,5356.0,2211.5,5449.0,2935.5,6948.0,173.6699981689453,23.68000030517578,128.8000030517578,320.4599914550781,146.50999450683594,25.8700008392334,35.34000015258789,31.5,39.29999923706055,435.0199890136719,91.31999969482422,161.0800018310547,154.5399932861328,102.41000366210938,81.55999755859375,83.08999633789062,69.8499984741211,112.62999725341797,26.25,32.650001525878906,31.770000457763672,56.16999816894531,43.849998474121094,97.86000061035156,7.130000114440918,7.150000095367432,30.239999771118164,30.829999923706055,53.459999084472656,25.059999465942383,25.15999984741211,389.42999267578125,311.67999267578125,1479.6800537109375,8.420000076293945,5539.7998046875,63.29999923706055,11.529999732971191,4.550000190734863,152.62399291992188,424.82000732421875,10.369999885559082,141.30999755859375,236.52999877929688,390.260009765625,207.57000732421875,5230.0,2122.0,5222.0,2852.0,6725.0,171.4499969482422,22.760000228881836,126.33999633789062,314.3800048828125,143.5399932861328,25.399999618530273,34.459999084472656,30.700000762939453,38.7400016784668,428.6199951171875,88.83000183105469,156.47000122070312,152.6199951171875,100.08000183105469,77.7699966430664,79.45999908447266,67.45999908447266,111.0199966430664,25.93000030517578,32.13999938964844,31.25,55.29999923706055,43.43000030517578,96.5,6.980000019073486,7.010000228881836,29.479999542236328,30.0,52.02000045776367,24.53499984741211,24.639999389648438,383.8699951171875,303.05999755859375,1444.47998046875,8.020000457763672,5341.259765625,62.31999969482422,11.100000381469727,4.409999847412109,148.94000244140625,420.739990234375,9.890000343322754,138.6999969482422,232.88999938964844,386.54998779296875,205.24000549316406,5330.0,2199.5,5435.0,2919.5,6908.0,173.0500030517578,23.40999984741211,127.73999786376953,314.4800109863281,145.85000610351562,25.739999771118164,34.459999084472656,31.5,38.91999816894531,431.8999938964844,90.70999908447266,160.88999938964844,152.72000122070312,101.5,77.95999908447266,82.16000366210938,67.58999633789062,111.8499984741211,26.06999969482422,32.18000030517578,31.25,55.650001525878906,43.58000183105469,97.55999755859375,7.019999980926514,7.090000152587891,29.600000381469727,30.270000457763672,53.22999954223633,24.809999465942383,25.020000457763672,385.5,310.0,1446.1199951171875,8.229999542236328,5505.66015625,63.18000030517578,11.270000457763672,4.539999961853027,149.72999572753906,422.6499938964844,10.079999923706055,139.0399932861328,232.88999938964844,388.2799987792969,207.00999450683594,4201800,6213300,4358900,3039800,5338500,43816600,4588900,46477400,617500,3521100,55975700,146300,30000,17181000,875100,2597600,17689900,476300,2194000,1395700,1725500,756800,608900,6426700,1868700,7251800,25290800,3401800,31100,246200,694200,96100,664900,919800,536600,756600,2003300,1543100,44000,16691900,25900,7463000,13659000,6453400,2460100,78564200,4522600,5045100,6844100,4451500,476600
2023-10-25,5382.0,2194.0,5428.0,2951.5,7016.0,170.87489318847656,23.14565086364746,121.38999938964844,319.01336669921875,143.52000427246094,25.34769058227539,34.790000915527344,30.770000457763672,38.11511993408203,423.7300109863281,88.45912170410156,154.2530517578125,153.94000244140625,100.4241943359375,78.5999984741211,78.8499984741211,65.31999969482422,112.02999877929688,25.793441772460938,31.863290786743164,31.714210510253906,55.676666259765625,43.9992790222168,94.81999969482422,6.769999980926514,6.800000190734863,29.90999984741211,30.420000076293945,51.031707763671875,24.350000381469727,24.450000762939453,386.30999755859375,313.5948486328125,1461.6199951171875,7.980000019073486,5377.2900390625,63.068363189697266,10.905224800109863,4.336218357086182,142.39999389648438,415.8638916015625,9.819999694824219,140.37721252441406,236.34683227539062,383.7099914550781,206.47000122070312,5382.0,2194.0,5428.0,2951.5,7016.0,171.10000610351562,23.440000534057617,121.38999938964844,319.6499938964844,143.52000427246094,25.549999237060547,34.790000915527344,30.770000457763672,38.61000061035156,423.7300109863281,88.97000122070312,155.8699951171875,153.94000244140625,100.66000366210938,78.5999984741211,78.8499984741211,65.31999969482422,112.02999877929688,26.030000686645508,32.150001525878906,32.08000183105469,56.119998931884766,44.290000915527344,94.81999969482422,6.769999980926514,6.800000190734863,29.90999984741211,30.420000076293945,51.2400016784668,24.350000381469727,24.450000762939453,386.30999755859375,314.260009765625,1461.6199951171875,7.980000019073486,5377.2900390625,63.27000045776367,10.9399995803833,4.360000133514404,142.39999389648438,417.54998779296875,9.819999694824219,140.99000549316406,236.85000610351562,383.7099914550781,206.47000122070312,5481.0,2239.0,5503.0,2983.0,7074.0,173.05999755859375,23.475000381469727,126.33999633789062,324.29998779296875,144.83999633789062,25.649999618530273,35.25899887084961,31.25,38.849998474121094,430.57000732421875,90.12999725341797,157.41000366210938,155.14999389648438,101.62999725341797,80.91999816894531,80.2699966430664,67.4800033569336,112.87999725341797,26.260000228881836,32.56999969482422,32.1150016784668,56.220001220703125,44.41999816894531,96.37999725341797,6.960000038146973,6.960000038146973,30.1299991607666,30.700000762939453,51.91999816894531,24.59000015258789,24.780000686645508,388.6300048828125,324.9599914550781,1489.0699462890625,8.104999542236328,5458.759765625,63.310001373291016,11.270000457763672,4.440000057220459,150.9600067138672,421.9200134277344,9.979999542236328,143.30999755859375,238.47999572753906,387.67999267578125,208.6199951171875,5377.0,2191.5,5403.0,2937.5,6903.0,170.64999389648438,22.540000915527344,120.79000091552734,318.80999755859375,143.22999572753906,25.18000030517578,34.380001068115234,30.0,38.2599983215332,420.8999938964844,88.2300033569336,155.1699981689453,153.25,100.29000091552734,78.06999969482422,78.25,64.63999938964844,111.05999755859375,25.899999618530273,32.02000045776367,31.510000228881836,55.560001373291016,43.599998474121094,94.51000213623047,6.769999980926514,6.789999961853027,29.639999389648438,30.229999542236328,51.060001373291016,24.05500030517578,24.200000762939453,382.239990234375,312.2799987792969,1458.56005859375,7.900000095367432,5210.490234375,62.619998931884766,10.890000343322754,4.320000171661377,141.53500366210938,417.0199890136719,9.649999618530273,137.69000244140625,231.2899932861328,383.1199951171875,205.1699981689453,5392.0,2199.0,5413.0,2942.5,6912.0,171.8800048828125,22.540000915527344,126.04000091552734,320.8299865722656,144.08999633789062,25.3799991607666,35.209999084472656,30.5,38.70000076293945,426.6499938964844,88.5999984741211,156.94000244140625,154.11000061035156,101.29000091552734,80.61000061035156,79.68000030517578,67.41000366210938,111.05999755859375,26.0,32.400001525878906,31.610000610351562,55.7599983215332,43.650001525878906,95.87999725341797,6.960000038146973,6.929999828338623,29.920000076293945,30.360000610351562,51.66999816894531,24.479999542236328,24.670000076293945,384.0,319.0199890136719,1473.1400146484375,8.09000015258789,5353.5,62.689998626708984,11.09000015258789,4.400000095367432,150.88999938964844,421.8900146484375,9.949999809265137,143.22999572753906,232.25,387.6000061035156,206.27999877929688,2969200,5781600,3296900,2036200,5019500,57157000,5715300,74577500,630500,2841400,45522400,170300,30800,15570100,994700,2369400,10502400,292800,1649200,1187200,1376300,686900,689600,4249700,1253800,6616600,16701000,2958500,51000,212300,704500,79100,465100,636900,772900,819100,3504500,1442000,56700,17626400,26100,6676100,12903900,13693900,4543600,94223200,3205300,9277900,10365300,5471200,494000
2023-10-26,5343.0,2185.0,5328.0,2935.5,6908.0,166.67042541503906,23.254268646240234,119.56999969482422,319.0732421875,143.33999633789062,25.913177490234375,34.439998626708984,31.0,38.83576583862305,411.7099914550781,88.99601745605469,153.14466857910156,152.75,101.41187286376953,77.48999786376953,77.16000366210938,64.61000061035156,113.48999786376953,25.93216896057129,31.93266487121582,31.49671745300293,55.339351654052734,44.47612762451172,95.56999969482422,6.71999979019165,6.75,30.100000381469727,30.709999084472656,50.663211822509766,24.040000915527344,24.1200008392334,364.5899963378906,309.4336853027344,1461.1400146484375,7.989999771118164,5426.81982421875,63.068363189697266,10.865352630615234,4.206927299499512,140.83999633789062,410.88409423828125,9.710000038146973,142.23907470703125,230.78866577148438,379.0,204.52999877929688,5343.0,2185.0,5328.0,2935.5,6908.0,166.88999938964844,23.549999237060547,119.56999969482422,319.7099914550781,143.33999633789062,26.1200008392334,34.439998626708984,31.0,39.34000015258789,411.7099914550781,89.51000213623047,154.75,152.75,101.6500015258789,77.48999786376953,77.16000366210938,64.61000061035156,113.48999786376953,26.170000076293945,32.220001220703125,31.860000610351562,55.779998779296875,44.77000045776367,95.56999969482422,6.71999979019165,6.75,30.100000381469727,30.709999084472656,50.869998931884766,24.040000915527344,24.1200008392334,364.5899963378906,310.0899963378906,1461.1400146484375,7.989999771118164,5426.81982421875,63.27000045776367,10.899999618530273,4.230000019073486,140.83999633789062,412.54998779296875,9.710000038146973,142.86000061035156,231.27999877929688,379.0,204.52999877929688,5401.0,2202.5,5427.0,2952.5,7019.0,171.3800048828125,23.799999237060547,121.63999938964844,327.67999267578125,144.91000366210938,26.360000610351562,35.095001220703125,31.299999237060547,39.75,416.6000061035156,91.08999633789062,155.17999267578125,153.6999969482422,103.31999969482422,79.75,79.55000305175781,65.31999969482422,116.48999786376953,26.350000381469727,32.66999816894531,32.33000183105469,56.630001068115234,44.93000030517578,96.87000274658203,6.820000171661377,6.849999904632568,30.577999114990234,31.229999542236328,51.790000915527344,24.350000381469727,24.399999618530273,375.54998779296875,315.2300109863281,1477.9000244140625,8.010000228881836,5475.919921875,63.66999816894531,11.0600004196167,4.449999809265137,144.05499267578125,417.3299865722656,10.039999961853027,143.3000030517578,235.61000061035156,383.3999938964844,207.13999938964844,5320.0,2162.0,5303.0,2911.0,6892.0,165.6699981689453,23.260000228881836,118.3499984741211,319.3599853515625,142.99000549316406,25.440000534057617,34.20000076293945,30.649999618530273,38.470001220703125,397.7300109863281,89.08000183105469,153.6300048828125,152.47999572753906,100.80999755859375,77.08999633789062,76.94000244140625,63.810001373291016,110.25,25.8700008392334,32.13999938964844,31.829999923706055,55.720001220703125,44.15999984741211,94.75,6.599999904632568,6.65500020980835,29.93000030517578,30.440000534057617,50.70000076293945,23.809999465942383,23.920000076293945,363.0400085449219,310.0,1458.56005859375,7.739999771118164,5379.72998046875,62.56999969482422,10.630000114440918,4.21999979019165,138.39999389648438,411.6000061035156,9.65999984741211,138.4199981689453,230.36000061035156,378.1499938964844,204.42999267578125,5330.0,2167.5,5360.0,2925.0,6950.0,170.3699951171875,23.450000762939453,120.62999725341797,320.239990234375,143.3699951171875,25.489999771118164,34.93000030517578,30.780000686645508,38.5,404.7099914550781,89.41000366210938,155.00999450683594,152.63999938964844,101.5,78.6500015258789,78.79000091552734,65.0,114.1500015258789,26.0,32.279998779296875,32.220001220703125,56.369998931884766,44.34000015258789,94.94999694824219,6.809999942779541,6.840000152587891,30.079999923706055,30.440000534057617,51.47999954223633,24.350000381469727,24.389999389648438,371.0199890136719,312.1300048828125,1462.1300048828125,7.889999866485596,5379.72998046875,62.91999816894531,10.949999809265137,4.449999809265137,142.05999755859375,416.45001220703125,9.850000381469727,139.44000244140625,234.57000732421875,382.6300048828125,205.9600067138672,2667200,5046300,3324400,2594500,5035500,70625300,4322600,100419500,1059600,3378000,60921000,117500,73100,25109600,1622600,3549700,10830400,668200,2382600,1138000,1842500,609000,844300,9205800,1141300,5876900,16228400,3601700,31400,202300,737000,87300,274200,716100,446900,889600,6920100,832600,43500,30096900,19600,8717500,12000800,11514500,4801100,115156800,3194600,7252000,6414500,6959400,563700
2023-10-27,5419.0,2220.5,5481.0,2988.5,7054.0,167.99867248535156,23.234521865844727,127.73999786376953,306.268798828125,141.30999755859375,24.970699310302734,34.380001068115234,30.899999618530273,37.7498664855957,372.0,97.17875671386719,142.85255432128906,147.99000549316406,101.46175384521484,76.7699966430664,77.55000305175781,64.36000061035156,112.02999877929688,25.605167388916016,31.397480010986328,31.081506729125977,54.80362319946289,44.13835906982422,95.12000274658203,6.679999828338623,6.730000019073486,30.030000686645508,30.610000610351562,50.23495864868164,23.739999771118164,23.850000381469727,364.0799865722656,301.33087158203125,1432.25,8.010000228881836,5382.22021484375,62.03167724609375,10.665987968444824,4.097527027130127,143.3800048828125,409.0216369628906,9.600000381469727,139.39151000976562,228.78294372558594,377.32000732421875,192.6300048828125,5419.0,2220.5,5481.0,2988.5,7054.0,168.22000122070312,23.530000686645508,127.73999786376953,306.8800048828125,141.30999755859375,25.170000076293945,34.380001068115234,30.899999618530273,38.2400016784668,372.0,97.73999786376953,144.35000610351562,147.99000549316406,101.69999694824219,76.7699966430664,77.55000305175781,64.36000061035156,112.02999877929688,25.84000015258789,31.68000030517578,31.440000534057617,55.2400016784668,44.43000030517578,95.12000274658203,6.679999828338623,6.730000019073486,30.030000686645508,30.610000610351562,50.439998626708984,23.739999771118164,23.850000381469727,364.0799865722656,301.9700012207031,1432.25,8.010000228881836,5382.22021484375,62.22999954223633,10.699999809265137,4.119999885559082,143.3800048828125,410.67999267578125,9.600000381469727,140.0,229.27000427246094,377.32000732421875,192.6300048828125,5469.0,2222.0,5487.0,2993.0,7054.0,168.9600067138672,24.03499984741211,130.02000427246094,313.0400085449219,143.9600067138672,26.06999969482422,34.720001220703125,32.41999816894531,39.369998931884766,395.5400085449219,99.7699966430664,151.25,150.60000610351562,102.73999786376953,78.4800033569336,78.77999877929688,66.01000213623047,113.5199966430664,26.290000915527344,32.209999084472656,31.940000534057617,56.13999938964844,45.11000061035156,95.9000015258789,6.699999809265137,6.75,30.049999237060547,30.770000457763672,51.09000015258789,24.049999237060547,24.149999618530273,368.2900085449219,311.3599853515625,1459.4599609375,8.119999885559082,5434.0498046875,63.7599983215332,11.0,4.239999771118164,145.38999938964844,414.6000061035156,9.850000381469727,143.38999938964844,231.38999938964844,380.8900146484375,200.89999389648438,5356.0,2186.5,5340.0,2944.0,6941.0,166.8300018310547,23.420000076293945,125.5199966430664,300.4100036621094,141.02999877929688,24.959999084472656,34.099998474121094,30.899999618530273,38.16999816894531,369.07000732421875,96.16000366210938,143.9600067138672,147.47000122070312,101.0999984741211,76.13999938964844,76.69000244140625,63.650001525878906,111.62999725341797,25.670000076293945,31.3799991607666,31.354999542236328,55.099998474121094,44.27000045776367,94.81999969482422,6.570000171661377,6.614999771118164,29.56999969482422,30.200000762939453,50.040000915527344,23.520000457763672,23.649999618530273,359.7699890136719,300.9800109863281,1425.56005859375,7.945000171661377,5332.66015625,61.869998931884766,10.640000343322754,4.110000133514404,141.88999938964844,409.2099914550781,9.550000190734863,139.1999969482422,228.02999877929688,375.95001220703125,188.44000244140625,5383.0,2206.0,5375.0,2955.5,7007.0,166.91000366210938,23.65999984741211,126.19999694824219,309.010009765625,143.85000610351562,26.06999969482422,34.529998779296875,32.41999816894531,39.33000183105469,373.010009765625,96.48999786376953,150.72000122070312,149.67999267578125,101.9800033569336,77.93000030517578,77.98999786376953,64.62000274658203,112.98999786376953,26.260000228881836,32.209999084472656,31.770000457763672,55.54999923706055,44.650001525878906,95.80000305175781,6.679999828338623,6.699999809265137,29.610000610351562,30.709999084472656,50.849998474121094,23.829999923706055,24.110000610351562,366.489990234375,310.739990234375,1454.7099609375,8.029999732971191,5420.25,63.52000045776367,10.899999618530273,4.199999809265137,144.10000610351562,414.19000244140625,9.770000457763672,142.94000244140625,231.1699981689453,380.5299987792969,200.47000122070312,3303200,4802100,3551300,2569700,4195700,58499100,4267600,125309300,1899200,3442500,64709300,153300,23100,20654700,3721200,6534100,24524300,896000,2065700,972000,2136600,691100,723700,5463900,1357800,6053700,13626500,3369000,43600,225600,787400,93000,330800,659100,945000,951900,3624900,805800,41000,24541100,15000,9197900,11126900,9909600,3393800,107367700,2349400,5429700,5540900,5638800,1652700
2023-10-30,5363.0,2170.0,5375.0,2948.5,6924.0,170.06593322753906,23.589998245239258,132.7100067138672,308.1750183105469,143.27000427246094,25.486581802368164,35.029998779296875,31.399999618530273,38.4310188293457,389.79998779296875,99.96268463134766,144.57449340820312,152.25,101.8907470703125,76.63999938964844,80.8499984741211,65.30000305175781,113.36000061035156,25.922260284423828,31.704715728759766,31.25945472717285,55.7064323425293,44.654945373535156,96.31999969482422,6.760000228881836,6.769999980926514,30.829999923706055,31.450000762939453,51.02174758911133,24.030000686645508,24.110000610351562,372.4200134277344,305.6716613769531,1457.260009765625,8.079999923706055,5401.759765625,61.47346115112305,10.965034484863281,4.157199859619141,144.16000366210938,413.9118347167969,9.729999542236328,140.95469665527344,232.5848388671875,381.8599853515625,198.1300048828125,5363.0,2170.0,5375.0,2948.5,6924.0,170.2899932861328,23.889999389648438,132.7100067138672,308.7900085449219,143.27000427246094,25.690000534057617,35.029998779296875,31.399999618530273,38.93000030517578,389.79998779296875,100.54000091552734,146.08999633789062,152.25,102.12999725341797,76.63999938964844,80.8499984741211,65.30000305175781,113.36000061035156,26.15999984741211,31.989999771118164,31.6200008392334,56.150001525878906,44.95000076293945,96.31999969482422,6.760000228881836,6.769999980926514,30.829999923706055,31.450000762939453,51.22999954223633,24.030000686645508,24.110000610351562,372.4200134277344,306.32000732421875,1457.260009765625,8.079999923706055,5401.759765625,61.66999816894531,11.0,4.179999828338623,144.16000366210938,415.5899963378906,9.729999542236328,141.57000732421875,233.0800018310547,381.8599853515625,198.1300048828125,5367.0,2194.0,5420.0,2964.5,7016.0,171.1699981689453,24.065000534057617,133.0,309.6300048828125,143.86000061035156,25.780000686645508,35.189998626708984,31.700000762939453,38.970001220703125,394.6000061035156,101.26000213623047,146.44000244140625,152.91000366210938,103.25,78.16000366210938,81.33999633789062,65.48999786376953,113.66999816894531,26.329999923706055,32.2400016784668,31.79199981689453,56.279998779296875,45.150001525878906,96.83999633789062,6.869999885559082,6.920000076293945,30.959999084472656,31.600000381469727,51.310001373291016,24.170000076293945,24.239999771118164,373.2300109863281,307.75,1463.0400390625,8.220000267028809,5427.0,62.709999084472656,11.109999656677246,4.239999771118164,145.75,416.67999267578125,9.880000114440918,142.27000427246094,233.3800048828125,382.79998779296875,198.77000427246094,5296.0,2140.0,5321.0,2925.0,6876.0,168.8699951171875,23.46500015258789,128.55999755859375,302.30999755859375,141.72999572753906,25.280000686645508,34.505001068115234,31.110000610351562,38.40999984741211,370.3599853515625,98.41999816894531,144.32000732421875,151.0800018310547,100.94000244140625,75.47000122070312,77.52999877929688,64.32499694824219,112.27999877929688,25.899999618530273,31.709999084472656,31.46500015258789,55.41999816894531,44.400001525878906,95.01000213623047,6.690000057220459,6.71999979019165,29.479999542236328,30.700000762939453,50.2599983215332,23.780000686645508,23.889999389648438,364.7200012207031,298.8599853515625,1426.1099853515625,8.050000190734863,5326.16015625,61.36000061035156,10.739999771118164,4.139999866485596,142.67999267578125,412.2200012207031,9.65999984741211,139.47000122070312,230.02999877929688,378.7099914550781,193.72999572753906,5350.0,2193.0,5400.0,2959.0,6975.0,169.02000427246094,23.760000228881836,129.72000122070312,307.2099914550781,142.72000122070312,25.31999969482422,34.72999954223633,31.549999237060547,38.54999923706055,370.3599853515625,98.62000274658203,145.66000366210938,151.39999389648438,102.45999908447266,77.44999694824219,77.52999877929688,64.79000091552734,112.45999908447266,26.0,32.0099983215332,31.610000610351562,55.43000030517578,44.400001525878906,95.97000122070312,6.78000020980835,6.820000171661377,30.030000686645508,30.84000015258789,51.040000915527344,24.100000381469727,24.0,366.5199890136719,304.7799987792969,1435.1500244140625,8.100000381469727,5427.0,62.150001525878906,10.760000228881836,4.159999847412109,144.0,413.55999755859375,9.779999732971191,141.32000732421875,232.19000244140625,379.9100036621094,194.00999450683594,15054000,19038200,14545400,2732200,15358800,51131000,3434000,72485500,1159600,3303300,41891900,212600,53600,21777500,2161000,3923400,13857100,572100,1871700,1051400,1989900,721200,577100,5454700,922100,6628500,15014300,3212700,47800,199300,537500,79800,187700,962600,728600,904800,3386400,779000,35700,17203700,13800,7252600,13337400,13690000,2089700,86562700,3901900,4830400,5170300,5795800,675700
2023-10-31,5373.0,2178.0,5417.0,2938.5,6955.0,170.54531860351562,24.190000534057617,133.08999633789062,309.3999938964844,146.02999877929688,26.13143539428711,34.779998779296875,30.5,38.98384475708008,402.79998779296875,100.7083740234375,144.21823120117188,153.5,104.15542602539062,77.2300033569336,82.4000015258789,64.69000244140625,116.36000061035156,26.090715408325195,31.893020629882812,31.101276397705078,56.04374694824219,45.07218551635742,98.61000061035156,6.829999923706055,6.849999904632568,31.239999771118164,31.8700008392334,51.0715446472168,24.489999771118164,24.549999237060547,376.3500061035156,307.3481140136719,1470.52001953125,8.199999809265137,5412.6201171875,61.61301803588867,10.845416069030762,4.256654739379883,145.1300048828125,416.51129150390625,9.90999984741211,143.23472595214844,234.60055541992188,384.1700134277344,199.66000366210938,5373.0,2178.0,5417.0,2938.5,6955.0,170.77000427246094,24.190000534057617,133.08999633789062,309.3999938964844,146.02999877929688,26.34000015258789,34.779998779296875,30.5,39.4900016784668,402.79998779296875,101.29000091552734,145.72999572753906,153.5,104.4000015258789,77.2300033569336,82.4000015258789,64.69000244140625,116.36000061035156,26.329999923706055,32.18000030517578,31.459999084472656,56.4900016784668,45.369998931884766,98.61000061035156,6.829999923706055,6.849999904632568,31.239999771118164,31.8700008392334,51.279998779296875,24.489999771118164,24.549999237060547,376.3500061035156,308.0,1470.52001953125,8.199999809265137,5412.6201171875,61.810001373291016,10.880000114440918,4.28000020980835,145.1300048828125,418.20001220703125,9.90999984741211,143.86000061035156,235.10000610351562,384.1700134277344,199.66000366210938,5411.0,2200.0,5424.0,2949.5,6999.0,170.89999389648438,24.375,133.57000732421875,310.6000061035156,146.67999267578125,26.3799991607666,35.47999954223633,31.350000381469727,39.529998779296875,405.4700012207031,101.83000183105469,146.52000427246094,153.9199981689453,104.77999877929688,77.77999877929688,83.63999938964844,66.31999969482422,116.5199966430664,26.399999618530273,32.2400016784668,31.700000762939453,56.720001220703125,45.72999954223633,99.23999786376953,6.864999771118164,6.900000095367432,31.540000915527344,32.20500183105469,51.65999984741211,24.549999237060547,24.639999389648438,377.67999267578125,309.5199890136719,1481.469970703125,8.199999809265137,5484.6201171875,61.95000076293945,11.130000114440918,4.480000019073486,145.97000122070312,418.5299987792969,9.960000038146973,144.22999572753906,235.72000122070312,384.4800109863281,199.9600067138672,5313.0,2147.0,5252.0,2864.0,6837.0,167.89999389648438,23.520000457763672,131.7100067138672,306.7300109863281,143.07000732421875,25.719999313354492,34.4900016784668,30.149999618530273,38.91999816894531,390.3399963378906,99.81999969482422,144.22999572753906,152.50999450683594,102.2300033569336,76.16999816894531,80.83999633789062,64.42500305175781,114.47000122070312,25.959999084472656,31.920000076293945,31.075000762939453,56.150001525878906,44.79999923706055,97.05000305175781,6.650000095367432,6.670000076293945,30.729999542236328,31.399999618530273,50.650001525878906,24.0,24.139999389648438,373.1099853515625,303.9800109863281,1455.72998046875,7.929999828338623,5410.740234375,60.95000076293945,10.819999694824219,4.170000076293945,141.58999633789062,414.2099914550781,9.680000305175781,141.2899932861328,232.99000549316406,380.55999755859375,197.08999633789062,5343.0,2196.0,5399.0,2948.0,6999.0,169.35000610351562,23.639999389648438,132.75,310.1600036621094,143.3300018310547,25.739999771118164,35.189998626708984,31.350000381469727,39.040000915527344,391.2799987792969,100.87999725341797,146.10000610351562,153.07000732421875,102.54000091552734,76.83999633789062,81.2699966430664,65.5199966430664,114.8499984741211,26.010000228881836,32.029998779296875,31.6200008392334,56.56999969482422,45.0099983215332,97.26000213623047,6.730000019073486,6.760000228881836,30.729999542236328,31.43000030517578,51.45000076293945,24.0,24.190000534057617,373.32000732421875,306.2099914550781,1460.0,8.039999961853027,5415.64013671875,61.650001525878906,11.0600004196167,4.260000228881836,144.7899932861328,416.17999267578125,9.680000305175781,141.5399932861328,233.57000732421875,382.3500061035156,198.58999633789062,3496400,7543100,7725000,6944300,6199800,44846000,5707400,51589400,1369900,3737200,50106700,185600,61000,16373100,1456200,2619200,14261300,423500,1904000,1034300,2063400,979400,690000,8402700,800300,10525700,16639400,3911400,57200,217100,898100,51500,408700,906500,804300,1137400,2978800,730500,48900,16430500,21400,5572700,15194100,13351200,2860400,79665200,3676800,3971900,4828400,4523200,574800
